# Destinos;
insert into destino values('Paris', 'Franca');
insert into destino values('Nova York', 'EUA');
insert into destino values('Londres', 'Inglaterra');
insert into destino values('Wiltshire', 'Inglaterra');
insert into destino values('Sao Paulo', 'Brasil');
insert into destino values('Rio de Janeiro', 'Brasil');

# Monumentos;
insert into monumento values('Stonehenge', 'Wiltshire', 'Inglaterra', 'Curabitur dignissim quam velit, eu consequat elit lacinia non. Curabitur vulputate consequat vehicula. Donec in.');
insert into monumento values('Cristo Redentor', 'Rio de Janeiro', 'Brasil', 'Suspendisse porta, justo eget congue tristique, libero neque tincidunt arcu, at blandit lectus elit ac.');
insert into monumento values('Liberty', 'Nova York', 'EUA', 'Donec quam lacus, maximus sed lacus eget, ornare condimentum felis. In hac habitasse platea dictumst.');

# Museus;
insert into museu values('MU001', 'Louvre', '33 (0)1 40 20 53 17', 'rue de Rivoli', 99, '75001', true, true, 'Paris', 'Franca');
insert into museu values('MU002', 'British Museum', '44 (0)20 7323 8000', 'Great Russell Street', 20, 'WC1B 3DG', true, true, 'Londres', 'Inglaterra');
insert into museu values('MU003', 'Museu Nacional de belas Artes', '55 (21)3299 0600', 'Av Rio Branco', 199, '20040-008', true, true, 'Rio de Janeiro', 'Brasil');
insert into museu values('MU004', 'Museu de Arte de Sao Paulo Assis Chateaubriand', '55 (11)3149 5959', 'Av Paulista', 1578, '01310-200', true, true, 'Sao Paulo', 'Brasil');
insert into museu values('MU005', 'Museum of Modern Art', '1 212-708-9400', '53rd Street', 11, '10019', true, true, 'Nova York', 'EUA');
insert into museu values('MU006', 'Metropolitan Museum of Art', '1 212-535-7710', '5th Avenue', 1000, '10028', true, true, 'Nova York', 'EUA');

# Idioma Museu;
insert into idioma_museu values('Ingles', 'MU001');
insert into idioma_museu values('Frances', 'MU001');
insert into idioma_museu values('Ingles', 'MU002');
insert into idioma_museu values('Portugues', 'MU003');
insert into idioma_museu values('Portugues', 'MU004');
insert into idioma_museu values('Ingles', 'MU005');
insert into idioma_museu values('Ingles', 'MU006');

# Exposicao;
insert into exposicao values ('MU005', 'painting and sculpture', '2016-05-10', '2019-04-28', 'Phasellus eget arcu non dui dictum interdum.');
insert into exposicao values ('MU001', 'Antiquites egyptiennes', '2014-06-20', '2022-01-31', 'Artigos egipicios');
insert into exposicao values ('MU002', 'Coins and Medals', '2015-06-20', '2022-01-31', 'Moedas');
insert into exposicao values ('MU002', 'Greece and Rome', '2019-06-20', '2023-01-31', 'Artigos da Grecia e da Roma');
insert into exposicao values ('MU001', 'Peintures', '2016-07-20', '2020-05-13', '"Vestibulum tempus lectus ut lorem scelerisque, in sodales quam porta."');
insert into exposicao values ('MU002', 'Egypt and Sudan', '2014-06-20', '2019-01-31', 'Ut faucibus sem eget justo gravida accumsan');
insert into exposicao values ('MU003', 'Exposicao permanente', '2014-06-20', null, 'Exposicao permanente do Museu Nacional de belas Artes');
insert into exposicao values ('MU004', 'Exposicao permanente', '2014-06-20', null, 'Exposicao permanente do Museu de Arte de Sao Paulo Assis Chateaubriand');
insert into exposicao values ('MU005', 'Photography', '2014-06-20', null, 'Exposition showing inspiring photographies of New York');
insert into exposicao values ('MU006', 'Modern and Contemporary Art', '2016-08-20', '2022-05-04', 'The comtemporary art of the modern world, showing the controversial feelings of living in a modern society');
insert into exposicao values ('MU006', 'Islamic Art', '2017-08-20', '2020-05-04', 'A showcase of antiques, reliques and drawings of old and new islamic artists');
insert into exposicao values ('MU006', 'The American Wing', '2017-08-20', null, 'History of the American nation portraited through art');

# Origem;
insert into origem values('Italia', 'Renascimento', '1400-01-01', '1600-01-01');
insert into origem values('Europa', 'Classicismo', '1500-01-01', '1600-01-01');
insert into origem values('Egito', 'Antigo Egito', '4000-01-01 BC', '0640-01-01');
insert into origem values('Roma', 'Imperio Romano', '0027-01-01 BC', '0475-01-01');
insert into origem values('Brasil', 'Realismo', '1850-01-01', '1910-01-01');
insert into origem values('Brasil', 'Neoclassicismo', '1700-01-01', '1850-01-01');
insert into origem values('Brasil', 'Surrealismo', '1920-01-01', '1965-01-01');
insert into origem values('Franca', 'Realismo', '1850-01-01', '1910-01-01');
insert into origem values('Franca', 'Surrealismo', '1920-01-01', '1965-01-01');
insert into origem values('Italia', 'Maneirismo', '1520-01-01', '1600-01-01');
insert into origem values('Alemanha', 'Maneirismo', '1520-01-01', '1600-01-01');
insert into origem values('Alemanha', 'Expressionismo', '1912-01-01', '1945-01-01');
insert into origem values('EUA', 'Expressionismo', '1912-01-01', '1945-01-01');
insert into origem values('Franca', 'Cubismo', '1907-01-01', '1915-01-01');
insert into origem values('Espanha', 'Cubismo', '1907-01-01', '1915-01-01');
insert into origem values('Alemanha', 'Arte Moderna', '1890-01-01', '1910-01-01');
insert into origem values('Canada', 'Arte Moderna', '1890-01-01', '1910-01-01');
insert into origem values('Grecia', 'Grecia Antiga', '2000-01-01 BC', '0146-01-01 BC');
insert into origem values('Italia', 'Neoclassicismo', '1700-01-01', '1850-01-01');
insert into origem values('India', 'Cotidiano Deccan', '1612-01-01', '1948-01-30');

# Artista;
insert into artista values ('Desconhecido', '0001-01-01', null, 'Artista desconhecio, feito pelo povo da época, que não deixou registros identificando o artista');
insert into artista values ('Roman estate', '0027-01-01 BC', '0476-01-01', 'Artista desconhecio, feito pelo povo do império romano, que não deixou registros identificando o artista');
insert into artista values ('Hans von Aachen', '1552-12-12', '1615-03-04', 'Mauris imperdiet nisl in lorem dictum pharetra. Curabitur vitae enim faucibus, convallis.');
insert into artista values ('Nicolo dell Abate', '1512-12-12', '1571-12-12', 'Interdum et malesuada fames ac ante ipsum primis in faucibus. Phasellus faucibus.');
insert into artista values ('Albrecht Durer', '1471-03-21', '1528-04-06', 'Mauris neque sapien, feugiat nec congue eget, luctus a nisi. Donec sed.');
insert into artista values ('Antoine Coysevox', '1640-07-29', '1720-10-10', 'Nulla sodales arcu id magna dignissim vulputate. In mollis ullamcorper mi, sed.');
insert into artista values ('Leonardo da Vinci', '1452-04-15', '1519-05-02', 'Vestibulum id metus nisl. Curabitur sed dui maximus turpis ultricies tristique. Sed.');
insert into artista values ('Candido Portinari', '1903-12-29', '1962-02-06', 'In facilisis quam nulla, et iaculis dolor suscipit ac. Morbi vel tristique.');
insert into artista values ('Almeida Junior', '1850-05-08', '1899-11-13', 'In hac habitasse platea dictumst. Donec suscipit lacinia erat. Duis at mi.');
insert into artista values ('Jean Baptiste Debret', '1768-04-18', '1848-06-28', 'Mauris euismod felis eget bibendum laoreet. Proin a volutpat dui. Donec faucibus.');
insert into artista values ('Ismael nery', '1900-10-09', '1934-04-06', 'Nulla fringilla odio nec mi lobortis, et elementum tellus pretium. Quisque mi.');
insert into artista values ('Matthew Wong', '1984-03-08', '2019-10-02', 'Praesent eget libero eros. Nunc a quam eget erat finibus rutrum sit.');
insert into artista values ('Sara Cwynar', '1985-12-12', null, 'Class aptent taciti sociosqu ad litora torquent per conubia nostra, per inceptos.');
insert into artista values ('Juan Gris', '1887-03-23', '1927-05-11', 'Nunc egestas erat nec dapibus venenatis. Quisque non risus ligula. Mauris finibus.');
insert into artista values ('Jane Peterson', '1876-11-12', '1965-08-14', 'Maecenas ac nunc luctus, tempus ipsum in, dignissim urna. Pellentesque lorem mauris.');

# Obra;
insert into obra(exposicao, museu, nome, artista, data_de_nascimento, origem, epoca, descricao, data_de_criacao, categoria) values('Peintures', 'MU001', 'Portrait de Jean Bologne', 'Hans von Aachen', '1552-12-12', 'Alemanha', 'Maneirismo', 'Quadro', '1700-01-01', 'pintura');
insert into obra(exposicao, museu, nome, artista, data_de_nascimento, origem, epoca, descricao, data_de_criacao, categoria) values('Peintures', 'MU001', 'Pandore', 'Nicolo dell Abate', '1512-12-12', 'Italia', 'Renascimento', 'Quadro', '1555-01-01', 'pintura');
insert into obra(exposicao, museu, nome, artista, data_de_nascimento, origem, epoca, descricao, data_de_criacao, categoria) values('Peintures', 'MU001', 'Mona Lisa', 'Leonardo da Vinci', '1452-04-15', 'Italia', 'Renascimento', 'Quadro', '1503-01-01', 'pintura');
insert into obra(exposicao, museu, nome, artista, data_de_nascimento, origem, epoca, descricao, data_de_criacao, categoria) values('Peintures', 'MU001', 'Portrait de l''artiste tenant un chardon', 'Albrecht Durer', '1471-03-21', 'Italia', 'Renascimento', 'Quadro', '1493-01-01', 'pintura');
insert into obra(exposicao, museu, nome, artista, data_de_nascimento, origem, epoca, descricao, data_de_criacao, categoria) values('Antiquites egyptiennes', 'MU001', 'Stele de Irtysen', 'Desconhecido', '0001-01-01', 'Egito', 'Antigo Egito', 'Tabula', '2000-01-01 BC', 'escultura');
insert into obra(exposicao, museu, nome, artista, data_de_nascimento, origem, epoca, descricao, data_de_criacao, categoria) values('Egypt and Sudan', 'MU002', 'The Younger Memnon', 'Desconhecido', '0001-01-01', 'Egito', 'Antigo Egito', 'estatua', '1300-01-01 BC', 'escultura');
insert into obra(exposicao, museu, nome, artista, data_de_nascimento, origem, epoca, descricao, data_de_criacao, categoria) values('Coins and Medals', 'MU002', 'Copper coin', 'Roman estate', '0027-01-01 BC', 'Roma', 'Imperio Romano', 'moeda', '0211-01-01', 'artefato');
insert into obra(exposicao, museu, nome, artista, data_de_nascimento, origem, epoca, descricao, data_de_criacao, categoria) values('Greece and Rome', 'MU002', 'Alabastron', 'Desconhecido', '0001-01-01', 'Grecia', 'Grecia Antiga', 'vaso pintado', '0470-01-01 BC', 'artefato');
insert into obra(exposicao, museu, nome, artista, data_de_nascimento, origem, epoca, descricao, data_de_criacao, categoria) values('Exposicao permanente', 'MU003', 'Descanso do Modelo', 'Almeida Junior', '1850-05-08', 'Brasil', 'Realismo', 'Quadro', '1882-01-01', 'pintura');
insert into obra(exposicao, museu, nome, artista, data_de_nascimento, origem, epoca, descricao, data_de_criacao, categoria) values('Exposicao permanente', 'MU003', 'Retrato de Dom Joao VI', 'Jean Baptiste Debret', '1768-04-18', 'Brasil', 'Neoclassicismo', 'Quadro', '1817-01-01', 'pintura');
insert into obra(exposicao, museu, nome, artista, data_de_nascimento, origem, epoca, descricao, data_de_criacao, categoria) values('Exposicao permanente', 'MU003', 'Retrato de Olegario mariano', 'Candido Portinari', '1903-12-29', 'Brasil', 'Realismo', 'Quadro', '1928-01-01', 'pintura');
insert into obra(exposicao, museu, nome, artista, data_de_nascimento, origem, epoca, descricao, data_de_criacao, categoria) values('Exposicao permanente', 'MU004', 'Os Retirantes', 'Candido Portinari', '1903-12-29', 'Brasil', 'Realismo', 'Quadro', '1944-01-01', 'pintura');
insert into obra(exposicao, museu, nome, artista, data_de_nascimento, origem, epoca, descricao, data_de_criacao, categoria) values('Exposicao permanente', 'MU004', 'Desejo de Amor', 'Ismael nery', '1900-10-09', 'Brasil', 'Surrealismo', 'Quadro', '1932-01-01', 'pintura');
insert into obra(exposicao, museu, nome, artista, data_de_nascimento, origem, epoca, descricao, data_de_criacao, categoria) values('painting and sculpture', 'MU005', 'Unknown Pleasures', 'Matthew Wong', '1984-03-08', 'Canada', 'Arte Moderna', 'Quadro', '2019-01-01', 'pintura');
insert into obra(exposicao, museu, nome, artista, data_de_nascimento, origem, epoca, descricao, data_de_criacao, categoria) values('Photography', 'MU005', 'Man from contact sheet 2', 'Sara Cwynar', '1985-12-12', 'Canada', 'Arte Moderna', 'fotografia', '2018-01-01', 'documento');
insert into obra(exposicao, museu, nome, artista, data_de_nascimento, origem, epoca, descricao, data_de_criacao, categoria) values('Modern and Contemporary Art', 'MU006', 'The Musicians Table', 'Juan Gris', '1887-03-23', 'Espanha', 'Cubismo', 'Quadro', '1914-01-01', 'pintura');
insert into obra(exposicao, museu, nome, artista, data_de_nascimento, origem, epoca, descricao, data_de_criacao, categoria) values('Islamic Art', 'MU006', 'Base for a Water Pipe', 'Desconhecido', '0001-01-01', 'India', 'Cotidiano Deccan', 'metal moldado', '1800-01-01', 'artefato');
insert into obra(exposicao, museu, nome, artista, data_de_nascimento, origem, epoca, descricao, data_de_criacao, categoria) values('The American Wing', 'MU006', 'Parade', 'Jane Peterson', '1876-11-12', 'EUA', 'Expressionismo', 'Quadro', '1917-01-01', 'pintura');

# Guia;
insert into guia values('dyamin.aboharbid1@nwhsii.com', 'jasmine', 'Kevin Fraga', '1-202-555-0108', ' Hoffman Avenue', 1557, '10016', 'Nova york', 'EUA', '');
insert into guia values('4viv@kochenk.online', 'stephanie', 'Isidoro Laguna', '1-202-555-0125', 'Anmoore Road', 292, '10019', 'Nova york', 'EUA', '');
insert into guia values('4maripau0@onlinecmail.com', 'qwertyuiop', 'David Tamayo', '44 1632 960075', 'Exning Road', 62, 'BA10 6LA', 'Londres', 'Inglaterra', 'Ap 55B');
insert into guia values('pant@lovebite.net', 'charles', 'Claudie Beauvilliers', '33 93 470 2767', 'avenue de l', 97, '93000', 'Paris', 'Franca', '');
insert into guia values('vdghoughifouad4z@socialisaso.com', 'olivia', 'Linda Kaplan', '33 93 856 5747', ' Quai des Belges', 59, '13016', 'Paris', 'Franca', 'Bl12');
insert into guia values('zsi.hazem.14@nziyce.com', 'christine', 'Percy Johnston', '44 1632 960426', 'Cunnery Rd', 111, 'NP4 1SB', 'Londres', 'Inglaterra', '');
insert into guia values('3benmchih.titotai@azel.xyz', 'ihateyou', 'Cristiano Fernandes Kanashiro', '55 955 063 4448', 'Rua Maria Isabel de Santana ', 1962, '54765-340', 'Rio de janeiro', 'Brasil', '');
insert into guia values('senta3omt@bookq.site', 'pumpkin', 'Nicolas Guedes Furtado', '55 955 875 3963', 'Rua Tres de Maio', 1786, '41740-530', 'Rio de janeiro', 'Brasil', 'Apto 23');
insert into guia values('wayman.rajawi.7f@burgas.vip', 'jayden', 'Marli Figueiredo Yoshimura', '55 955 930 0917', 'Rua Jaime Camargo', 521, '13486-073', 'Sao Paulo', 'Brasil', '');
insert into guia values('cmissbelovq@azel.xyz', 'savannah', 'Cleiton Damasceno Lorenzo', '55 955 455 4578', 'Travessa Sant', 1337, '16078-080', 'Sao Paulo', 'Brasil', 'Apto 42C');

# Idioma_guia;
insert into idioma_guia values ('Ingles', 'dyamin.aboharbid1@nwhsii.com');
insert into idioma_guia values ('Espanhol', 'dyamin.aboharbid1@nwhsii.com');
insert into idioma_guia values ('Ingles', '4viv@kochenk.online');
insert into idioma_guia values ('Espanhol', '4viv@kochenk.online');
insert into idioma_guia values ('Frances', 'pant@lovebite.net');
insert into idioma_guia values ('Ingles', 'pant@lovebite.net');
insert into idioma_guia values ('Ingles', '4maripau0@onlinecmail.com');
insert into idioma_guia values ('Portugues', '3benmchih.titotai@azel.xyz');
insert into idioma_guia values ('Ingles', '3benmchih.titotai@azel.xyz');
insert into idioma_guia values ('Frances', 'vdghoughifouad4z@socialisaso.com');
insert into idioma_guia values ('Ingles', 'vdghoughifouad4z@socialisaso.com');
insert into idioma_guia values ('Ingles', 'zsi.hazem.14@nziyce.com');
insert into idioma_guia values ('Portugues', 'senta3omt@bookq.site');
insert into idioma_guia values ('Ingles', 'senta3omt@bookq.site');
insert into idioma_guia values ('Portugues', 'wayman.rajawi.7f@burgas.vip');
insert into idioma_guia values ('Ingles', 'wayman.rajawi.7f@burgas.vip');
insert into idioma_guia values ('Portugues', 'cmissbelovq@azel.xyz');
insert into idioma_guia values ('Ingles', 'cmissbelovq@azel.xyz');

# Visitante;
insert into visitante values ('uchaw.rash193s@21jag.com', 'rockyou', 'Komolov Yefim Valeryevich', '7 401 387 1921', 'Semashko Ul.',3245, '71937', 'Kostrolabuga', 'Russia', null);
insert into visitante values ('8hamodeja@ucyeh.com', 'hotmail', 'Sharonov Panteley Larionovich', '7 401 884 9209', 'Proletarskaya',6744, '860701', 'Blagotrov', 'Russia', 'Bl 33');
insert into visitante values ('lnic@vicceo.com', 'princess', 'Salkova Inessa Fyodorovna', '7 401 167 5520', 'CHupanovskaya Ul',9912, '965192', 'Roslaskoye', 'Russia', null);
insert into visitante values ('mwawibaghda4@test130.com', 'dolphin', 'Charles Ray', '1-202-555-0180', 'Lena Lane',8244, '14634', 'Matadalgo', 'EUA', null);
insert into visitante values ('iafran@vicceo.com', 'babygirl1', 'Erik Goss', '43 660 616 9131', 'Krummnussbaum Dub ',2813, '627901', 'Huipori', 'Austria', null);
insert into visitante values ('yrodrigo.viniciuo@azel.xyz', 'tweety', 'Leonhard Binder', '43 660 695 8100', 'Gewerberstrasse',7686, '77193', 'Dusetduva', 'Austria', null);
insert into visitante values ('jahmed@yt-google.com', 'nathan', 'Samantha Klor', '43 660 613 6442', 'Zeppelinstrasse',1180, '884564', 'Koperhalsen', 'Austria', null);
insert into visitante values ('lhesham.farhode@boranora.com', 'elizabeth', 'Sophia Waltz', '43 660 394 9995', 'Feldkircher Strasse ',5044, '953701', 'Verdalhammer', 'Austria', null);
insert into visitante values ('gmkouadri@btcmod.com', 'mahalkita', 'Emanuel Silveira Canto', '55 955 814 1289', 'Rua Natal Masson',3672, '71722', 'Sao Paulo', 'Brasil', 'Apto 23');
insert into visitante values ('rsouhayel@drhinoe.com', 'password', 'Daniel Ferraz Cavalcanti', '55 955 063 4448', 'Rua Beatriz Coelho Mattos ',5326, '37494', 'Rio de janeiro', 'Brasil', null);
insert into visitante values ('beman@scdhn.com', 'ronaldo', 'Arlene Rodrigues Pinto', '55 955 875 3963', 'Rua da Perola ',2848, '80925', 'Belo Horizonte', 'Brasil', 'Conj 235C');
insert into visitante values ('jmirnaulhaq3m@lovebite.net', 'tigger000', 'Solange Costa da Silva', '55 955 930 0917', 'Rua Francisco M. da Silva ',4235, '18463', 'Manaus', 'Brasil', null);
insert into visitante values ('zyasou.xcan@sparrowcrew.org', 'princess1', 'Dante De Luca', '54 9 023 2613', 'A. Alsina',426, '614530', 'Sadero', 'Argentina', null);
insert into visitante values ('vakram.al.kahlys@poki.us', 'jessica', 'Normando Rojas', '54 9 453 5416', 'M T De Alvear',971, '847263', 'Sullabamba', 'Argentina', null);
insert into visitante values ('wmohamed.be@emvil.com', 'zxcvbnm', 'Raimunda Capon', '54 9 472 2595', 'Av R S Ortiz ',847, '853404', 'Mondal', 'Argentina', null);
insert into visitante values ('zalasmar_200@poki.us', '11111iloveu', 'Juan Pablo Moyano', '54 9 894 7549', 'Montevideo ',5641, '752975', 'Comoco', 'Argentina', 'Piso 6B');
insert into visitante values ('8mourad.benthamey@move2.ru', 'stephanie', 'Alan Lowe', '1-202-555-0108', 'Washington St',1055, '719748', 'Sunderstable', 'EUA', null);
insert into visitante values ('2ramzi07biskra8@mracc.it', 'inuyasha', 'Rafael Oliveira', '55 955 455 4578', 'Travessa Jeronimo Camara ',2152, '185246', 'Aracaju', 'Brasil', null);
insert into visitante values ('tzaid.sawalha.12@gmailwe.com', 'football', 'Tony Robinson', '1-202-555-0124', 'Oak Lane',5459, '675460', 'Winwall', 'EUA', '7th Floor');
insert into visitante values ('yabdallah@filee.site', 'michelle', 'Jennifer Doyle', '1-202-555-0125', 'Bee Street',3693, '173056', 'Guayridad', 'EUA', null);

# Visita_guiada;
insert into visita_guiada (id, data_horario, exposicao, museu, guia, idioma) values ('6f1f6120-134d-471d-bdde-b6354cc53f4a', '2016-06-23T15:00:00', 'Peintures', 'MU001', 'pant@lovebite.net', 'Frances');
insert into visita_guiada (id, data_horario, exposicao, museu, guia, idioma) values ('de075e6f-5c19-46c0-b0fc-698c2a6a2181', '2018-09-24T14:00:00', 'Egypt and Sudan', 'MU002', 'zsi.hazem.14@nziyce.com', 'Ingles');
insert into visita_guiada (id, data_horario, exposicao, museu, guia, idioma) values ('1860c181-7a99-4d73-9382-f55f4ae235db', '2017-05-15T15:00:00', 'painting and sculpture', 'MU005', 'dyamin.aboharbid1@nwhsii.com', 'Espanhol');

# Grupo_visita;
insert into grupo_visita values ('uchaw.rash193s@21jag.com', '6f1f6120-134d-471d-bdde-b6354cc53f4a');
insert into grupo_visita values ('lnic@vicceo.com', 'de075e6f-5c19-46c0-b0fc-698c2a6a2181');
insert into grupo_visita values ('8hamodeja@ucyeh.com', '1860c181-7a99-4d73-9382-f55f4ae235db');

# Restaurante;
insert into restaurante values('R001', 'MU002', 'Carnival', '11:00:00', '22:00:00', 'italiana', null, null);
insert into restaurante values('R002', 'MU006', 'The Sweet View', '11:00:00', '22:00:00', 'variada', null, null);
insert into restaurante values('R003', 'MU002', 'The Ruby Courtyard', '11:00:00', '22:00:00', 'europeia', null, null);
insert into restaurante values('R004', 'MU001', 'le Vignoble', '11:00:00', '22:00:00', 'francesa', null, null);
insert into restaurante values('R005', 'MU001', 'la Vieillesse', '11:00:00', '22:00:00', 'francesa', null, null);
insert into restaurante values('R006', 'MU003', 'le Mirage', '12:00:00', '23:59:59', 'europeia', null, null);
insert into restaurante values('R007', 'MU004', 'The Greek Star', '12:00:00', '23:59:59', 'mediterranea', null, null);
insert into restaurante values('R008', 'MU005', 'Chapter', '11:00:00', '22:00:00', 'lanches', null, null);

# Reserva_restaurante;
insert into reserva_restaurante (data_horario, visitante, restaurante) values ('2017-05-16T12:00:00', 'jmirnaulhaq3m@lovebite.net', 'R002');
insert into reserva_restaurante (data_horario, visitante, restaurante) values ('2019-11-04T14:00:00', 'mwawibaghda4@test130.com', 'R006');
insert into reserva_restaurante (data_horario, visitante, restaurante) values ('2018-09-25T13:00:00', '2ramzi07biskra8@mracc.it', 'R001');

# Viagem;
insert into viagem values ('uchaw.rash193s@21jag.com', '2016-06-22T05:00:00', 'Paris', 'Franca', 'aviao');
insert into viagem values ('uchaw.rash193s@21jag.com', '2016-07-22T05:00:00', 'Nova York', 'EUA', 'carro');
insert into viagem values ('8hamodeja@ucyeh.com', '2017-05-15T10:00:00', 'Nova York', 'EUA', 'trem');
insert into viagem values ('lnic@vicceo.com', '2018-09-23T15:30:00', 'Londres', 'Inglaterra', 'barco');
insert into viagem values ('mwawibaghda4@test130.com', '2019-11-02T13:20:00', 'Sao Paulo', 'Brasil', 'carro');
insert into viagem values ('iafran@vicceo.com', '2020-01-05T07:40:00', 'Rio de Janeiro', 'Brasil', 'onibus');
insert into viagem values ('yrodrigo.viniciuo@azel.xyz', '2016-06-21T19:00:00', 'Paris', 'Franca', 'trem');
insert into viagem values ('jahmed@yt-google.com', '2017-05-14T23:00:00', 'Nova York', 'EUA', 'barco');
insert into viagem values ('lhesham.farhode@boranora.com', '2018-09-23T12:30:00', 'Londres', 'Inglaterra', 'carro');
insert into viagem values ('gmkouadri@btcmod.com', '2019-11-02T07:20:00', 'Sao Paulo', 'Brasil', 'onibus');
insert into viagem values ('rsouhayel@drhinoe.com', '2020-01-04T21:40:00', 'Rio de Janeiro', 'Brasil', 'aviao');
insert into viagem values ('beman@scdhn.com', '2016-06-21T20:00:00', 'Paris', 'Franca', 'barco');
insert into viagem values ('jmirnaulhaq3m@lovebite.net', '2017-05-15T12:00:00', 'Nova York', 'EUA', 'carro');
insert into viagem values ('zyasou.xcan@sparrowcrew.org', '2018-09-22T23:30:00', 'Londres', 'Inglaterra', 'onibus');
insert into viagem values ('vakram.al.kahlys@poki.us', '2019-11-01T23:20:00', 'Sao Paulo', 'Brasil', 'aviao');
insert into viagem values ('wmohamed.be@emvil.com', '2020-01-04T22:40:00', 'Rio de Janeiro', 'Brasil', 'trem');
insert into viagem values ('zalasmar_200@poki.us', '2016-06-22T08:00:00', 'Paris', 'Franca', 'carro');
insert into viagem values ('8mourad.benthamey@move2.ru', '2017-05-15T07:00:00', 'Nova York', 'EUA', 'onibus');
insert into viagem values ('2ramzi07biskra8@mracc.it', '2018-09-22T22:30:00', 'Londres', 'Inglaterra', 'trem');
insert into viagem values ('tzaid.sawalha.12@gmailwe.com', '2019-11-01T22:20:00', 'Sao Paulo', 'Brasil', 'barco');
insert into viagem values ('yabdallah@filee.site', '2020-01-05T08:40:00', 'Rio de Janeiro', 'Brasil', 'aviao');

# Hotel;
insert into hotel values ('H001', 'Western Heirloom Hotel', '33 93 470 2767', 'rue des Coudriers', 113, '76130', 'Paris', 'Franca');
insert into hotel values ('H002', 'King Pass', '1-202-555-0125', 'Bell Street', 4506, '10011', 'Nova York', 'EUA');
insert into hotel values ('H003', 'Royal Quest Hotel', '44 1632 960075', 'Guild Street', 71, 'NW8 3NL', 'Londres', 'Inglaterra');
insert into hotel values ('H004', 'Epitome Hotel', '44 1632 960404', 'Crown Street', 89, 'WC2N 6WY', 'Londres', 'Inglaterra');
insert into hotel values ('H005', 'Illustrious Temple Hotel', '55 955 814 1289', 'Rua Itapeva ', 822, '01332-000', 'Sao Paulo', 'Brasil');
insert into hotel values ('H006', 'Deluxe Hotel', '55 955 063 4448', 'Rua Quinze ', 975, '35040-770', 'Sao Paulo', 'Brasil');
insert into hotel values ('H007', 'Private Monarch ', '1-202-555-0180', 'Hoffman Avenue', 346, '10013', 'Nova York', 'EUA');
insert into hotel values ('H008', 'Sanctuary Hotel', '55 955 875 3963', 'Rua Magenta', 734, '06350-100', 'Rio de Janeiro', 'Brasil');
insert into hotel values ('H009', 'Baroque ', '33 93 653 6184', 'Square de la Couronne', 90, '75001', 'Paris', 'Franca');

# Quarto;
insert into quarto values (2,40,102, 'H001');
insert into quarto values (3,50,88, 'H002');
insert into quarto values (1,60,72, 'H003');
insert into quarto values (2,60,63, 'H004');
insert into quarto values (4,30,27, 'H005');
insert into quarto values (2,50,59, 'H006');
insert into quarto values (3,20,29, 'H007');
insert into quarto values (1,40,93, 'H008');
insert into quarto values (1,50,80, 'H009');

# Reserva_quarto;
insert into reserva_quarto values ('uchaw.rash193s@21jag.com', '2016-06-22', '2016-06-25',102,'H001', 240);
insert into reserva_quarto values ('lnic@vicceo.com', '2018-09-23', '2018-09-25',63,'H004', 240);
insert into reserva_quarto values ('8hamodeja@ucyeh.com', '2017-05-15', '2017-05-20',88,'H002', 750);
